
INSERT INTO Employee VALUES(1114048696, 00001, 'Saad','hamed','Al-Khaldi','M',15000.00,'saadkk18@gmail.com','20-May-1981', 00001);   
INSERT INTO Employee VALUES(1195040296, 00002, 'Ahmed','Saleh','Al-Qhtani','M',20000.00,'Ahmedqq50@gmail.com','18-Sep-1975', 00001); 
INSERT INTO Employee VALUES(1122048724, 00003, 'Bader','Mohammed','Al-Salem','M',16000.00,'saadkk18@gmail.com','03-Oct-1979', 00003);
INSERT INTO Employee VALUES(1195040496, 00004, 'Mohammed','Saud','Al-Hmdan','M',20000.00,'MohammedHmdan@gmail.com','01-Sep-1974', 00003); 
INSERT INTO Employee VALUES(1112048386, 00005, 'Fahd','Ahmed','Al-Harthi','M',14000.00,'FahdAAA@gmail.com','07-Sep-1980', 00003);
INSERT INTO Employee VALUES(1114048096, 00006, 'Faisal','Nawaf','Al-Mahri','M',19000.00,'FaialMahri@gmail.com','27-Sep-1980', 00003); 
INSERT INTO Employee VALUES(1112228096, 00007, 'Majed','Bader','Al-Zhrani','M',18000.00,'Majed0k18@gmail.com','20-oct-1981', 00007);
INSERT INTO Employee VALUES(1192240496, 00008, 'Abdalulah','Sadd','Al-Gamdi','M',15000.00,'AbdalulahAl-Gamdi@gmail.com','11-May-1972', 00007); 
INSERT INTO Employee VALUES(1112228303, 00009, 'Osama','Mohammed','Al-Faisal','M',17000.00,'Osama0k18@gmail.com','20-Apr-1982', 00007);
INSERT INTO Employee VALUES(1146158386, 00010, 'Ishaq','Ibrahim','Mohameed','M',3000.00,'AhmedBdran@gmail.com','10-May-1984', NULL);


INSERT INTO Emp_Phone VALUES(00001,'0594664521');
INSERT INTO Emp_Phone VALUES(00001,'0557781014');
INSERT INTO Emp_Phone VALUES(00002,'0507789997');
INSERT INTO Emp_Phone VALUES(00002,'0530000547');
INSERT INTO Emp_Phone VALUES(00003,'0553466584');
INSERT INTO Emp_Phone VALUES(00003,'0555977041');
INSERT INTO Emp_Phone VALUES(00004,'0507941557');
INSERT INTO Emp_Phone VALUES(00004,'0548889942');
INSERT INTO Emp_Phone VALUES(00005,'0507000114');
INSERT INTO Emp_Phone VALUES(00005,'0554664412');
INSERT INTO Emp_Phone VALUES(00006,'0509988452');
INSERT INTO Emp_Phone VALUES(00006,'0544458712');
INSERT INTO Emp_Phone VALUES(00007,'0555582212');
INSERT INTO Emp_Phone VALUES(00007,'0564648781');
INSERT INTO Emp_Phone VALUES(00008,'0592774193');
INSERT INTO Emp_Phone VALUES(00008,'0564455662');
INSERT INTO Emp_Phone VALUES(00009,'0557700054');
INSERT INTO Emp_Phone VALUES(00009,'0547411112');
INSERT INTO Emp_Phone VALUES(00010,'0584445112');
INSERT INTO Emp_Phone VALUES(00010,'0555000558');


INSERT INTO Teacher VALUES(00003,'Math');
INSERT INTO Teacher VALUES(00004,'Phys');
INSERT INTO Teacher VALUES(00005,'ISLS');
INSERT INTO Teacher VALUES(00006,'Computer');
INSERT INTO Teacher VALUES(00007,'CHEM');


INSERT INTO IT_Worker VALUES(00008,'Database Admin');
INSERT INTO IT_Worker VALUES(00009,'Hardware expert');


INSERT INTO Cleaning_Staff VALUES(00010);


INSERT INTO librarian VALUES(00001); 
INSERT INTO librarian VALUES(00002); 

INSERT INTO lib_managers VALUES(00001, 12345, '08-May-2000');


INSERT INTO Library VALUES(10 ,'Iqra');


INSERT INTO Books VALUES( 211 ,'chess stratgies' , 'Jeremy Silman' , 10);
INSERT INTO Books VALUES( 212 , 'Mein Kampf' , 'adolf hetler' , 10);
INSERT INTO Books VALUES( 323 ,' dance with life' , 'hadia almosa' , 10);
INSERT INTO Books VALUES( 434 ,'platos republic' , 'oxford' , 10);
INSERT INTO Books VALUES( 545 ,'1980' , 'gorge orel' , '10');
INSERT INTO Books VALUES( 656 ,'long shadow' , 'hean webster' , 10);
INSERT INTO Books VALUES( 437 ,'this winter' , 'Alice oseman' , 10);
INSERT INTO Books VALUES( 358 ,'the art of a simple life' , ' shinmu manzu' , 10);
INSERT INTO Books VALUES( 639 ,'chaser' , 'hassan aljundi' , 10);
INSERT INTO Books VALUES( 5310 ,'how to pull money' , ' joseph murfy' , 10);
INSERT INTO Books VALUES( 5311 ,'animal farm' , 'goerge orel' , 10);


INSERT INTO  Members VALUES(1112223330 ,  10);
INSERT INTO  Members VALUES(1112223331 ,  10);
INSERT INTO  Members VALUES(1112223332 ,  10);
INSERT INTO  Members VALUES(1112223333 ,  10);
INSERT INTO  Members VALUES(1112223335 ,  10);
INSERT INTO  Members VALUES(1112223337 ,  10);
INSERT INTO  Members VALUES(1112223339 ,  10);


INSERT INTO Students VALUES( 1112223330, 'Ahmad', 'Abdullah', 'Al-Khaled', '05-Apr-2005', NULL, 'AhmadAK10@gmail.com');
INSERT INTO Students VALUES( 1112223331, 'Saleh', 'Hussam', 'Al-Malik', '10-oct-2007', Null, 'Saleh21@gmail.com');
INSERT INTO Students VALUES( 1112223332, 'Salman', 'Samy', 'Al-Turki', '15-sep-2006', Null, 'Salman19@gmail.com');
INSERT INTO Students VALUES( 1112223333, 'Faisal', 'Saleh', 'Al-Turki', '26-oct-2005', Null, 'Faisal8@gmail.com');
INSERT INTO Students VALUES( 1112223334, 'Sultan', 'Fahad', 'Al-Sultan', '29-Apr-2005', Null, 'Sultan23@gmail.com');
INSERT INTO Students VALUES( 1112223335, 'Faisal', 'Majed', 'Al-Salman', '01-sep-2007', Null, 'Faisal98@gmail.com');
INSERT INTO Students VALUES( 1112223336, 'Osama', 'Ibrahim', 'Al-Majed', '03-May-2005', Null, 'Osama45@gmail.com');
INSERT INTO Students VALUES( 1112223337, 'Naif', 'Nawaf', 'Al-Bassam', '07-Apr-2006', Null, 'Naif99@gmail.com');
INSERT INTO Students VALUES( 1112223338, 'Abdulaziz', 'Mussab', 'Al-Mussab', '09-oct-2007', Null, 'Abdulaziz17@gmail.com');
INSERT INTO Students VALUES( 1112223339, 'Ahmad', 'Ali', 'Al-Sultan', '01-May-2007', Null, 'Ahmad999@gmail.com');


INSERT INTO  courses VALUES( 101 , 'MATH1' , Null);
INSERT INTO  courses VALUES( 102 , 'COMP1' , Null);
INSERT INTO  courses VALUES( 103 , 'MATH2' , 'MATH1');
INSERT INTO  courses VALUES( 104 , 'COMP2' , 'COMP1');
INSERT INTO  courses VALUES( 105 , 'CHEM1' , Null);
INSERT INTO  courses VALUES( 106 , 'PHYS1' , Null);
INSERT INTO  courses VALUES( 107 , 'CHEM2' , 'CHEM1');
INSERT INTO  courses VALUES( 108 , 'PHYS2' , 'PHYS1');
INSERT INTO  courses VALUES( 109 , 'ISLM1' , Null);
INSERT INTO  courses VALUES( 110 , 'ARAB1' , Null);
INSERT INTO  courses VALUES( 111 , 'ISLM2' , 'ISLM1');


INSERT INTO Enrollment VALUES( 1112223330, 101, '2021', 'Pass', '1' );
INSERT INTO Enrollment VALUES( 1112223330, 102, '2021', 'Pass', '1' );
INSERT INTO Enrollment VALUES( 1112223330, 106, '2021', 'Fail', '1' );
INSERT INTO Enrollment VALUES( 1112223331, 101, '2020', 'Pass', '1' );
INSERT INTO Enrollment VALUES( 1112223331, 103, '2021', 'Fail', '1' );
INSERT INTO Enrollment VALUES( 1112223331, 102, '2021', 'Fail', '1' );
INSERT INTO Enrollment VALUES( 1112223332, 101, '2020', 'Pass', '1' );
INSERT INTO Enrollment VALUES( 1112223332, 105, '2020', 'Pass', '1' );
INSERT INTO Enrollment VALUES( 1112223332, 102, '2020', 'Pass', '1' );
INSERT INTO Enrollment VALUES( 1112223333, 101, '2020', 'Fail', '1' );
INSERT INTO Enrollment VALUES( 1112223333, 101, '2020', 'Pass', '2' );
INSERT INTO Enrollment VALUES( 1112223333, 103, '2021', 'Fail', '1' );
INSERT INTO Enrollment VALUES( 1112223334, 101, '2020', 'Pass', '2' );
INSERT INTO Enrollment VALUES( 1112223334, 102, '2020', 'Pass', '2' );
INSERT INTO Enrollment VALUES( 1112223334, 105, '2020', 'Pass', '2' );
INSERT INTO Enrollment VALUES( 1112223335, 101, '2020', 'Pass', '2' );
INSERT INTO Enrollment VALUES( 1112223335, 102, '2020', 'Pass', '1' );
INSERT INTO Enrollment VALUES( 1112223335, 103, '2020', 'Pass', '2' );
INSERT INTO Enrollment VALUES( 1112223336, 101, '2021', 'Fail', '1' );
INSERT INTO Enrollment VALUES( 1112223337, 102, '2021', 'Fail', '1' );
INSERT INTO Enrollment VALUES( 1112223338, 102, '2021', 'Pass', '1' );
INSERT INTO Enrollment VALUES( 1112223339, 102, '2021', 'Pass', '1' );




INSERT INTO Legal_Guardian VALUES( 1112223330 ,'Abdullah' , 'Father');
INSERT INTO Legal_Guardian VALUES( 1112223331 ,'Basma' , 'Mother');
INSERT INTO Legal_Guardian VALUES( 1112223332 ,'Samy' , 'Father');
INSERT INTO Legal_Guardian VALUES( 1112223333 ,'Saleh' , 'Father');
INSERT INTO Legal_Guardian VALUES( 1112223334 ,'KHlod' , 'Mother');
INSERT INTO Legal_Guardian VALUES( 1112223335 ,'Majed' , 'Father');
INSERT INTO Legal_Guardian VALUES( 1112223336 ,'Afnan' , 'Mother');
INSERT INTO Legal_Guardian VALUES( 1112223337 ,'Nawaf' , 'Father');
INSERT INTO Legal_Guardian VALUES( 1112223338 ,'Mussab' , 'Father');
INSERT INTO Legal_Guardian VALUES( 1112223339 ,'Rehab' , 'Mother');



INSERT INTO LG_Info VALUES( 'Abdullah' , '25-May-1981' , 'M', 'Abdullah112@gmail.com');
INSERT INTO LG_Info VALUES( 'Basma' , '02-oct-1989' , 'F' , 'Basma113@gmail.com');
INSERT INTO LG_Info VALUES( 'Samy' , '01-Sep-1985' , 'M' , 'Samy114@gmail.com');
INSERT INTO LG_Info VALUES( 'Saleh' , '10-July -1984' , 'M' , 'Saleh115@gmail.com');
INSERT INTO LG_Info VALUES( 'KHlod' , '15-Sep-1987' , 'F' , 'KHlod116@gmail.com');
INSERT INTO LG_Info VALUES( 'Majed' , '29-May-1980' , 'M' , 'Majed117@gmail.com');
INSERT INTO LG_Info VALUES( 'Afnan' , '14-May-1979' , 'F' , 'Afnan118@gmail.com');
INSERT INTO LG_Info VALUES( 'Nawaf' , '16-July -1975' , 'M' , 'Nawaf119@gmail.com');
INSERT INTO LG_Info VALUES( 'Mussab' , '11-Sep-1971' , 'M' , 'Mussab120@gmail.com');
INSERT INTO LG_Info VALUES( 'Rehab' , '5-July -1990' , 'F' , 'Rehab121@gmail.com');


INSERT INTO LG_Phones VALUES( 'Abdullah' , 0545557770);
INSERT INTO LG_Phones VALUES( 'Basma' , 0545557771);
INSERT INTO LG_Phones VALUES( 'Samy' , 0545557772);
INSERT INTO LG_Phones VALUES( 'Saleh' , 0545557773);
INSERT INTO LG_Phones VALUES( 'KHlod' , 0545557774);
INSERT INTO LG_Phones VALUES( 'Majed' , 0545557775);
INSERT INTO LG_Phones VALUES( 'Afnan' , 0545557776);
INSERT INTO LG_Phones VALUES( 'Nawaf' , 0545557777);
INSERT INTO LG_Phones VALUES( 'Mussab' , 0545557778);
INSERT INTO LG_Phones VALUES( 'Rehab' , 0545557779);



INSERT INTO grades VALUES(1112223330, 101,'summer 2022' , 100 , 100 , 59);
INSERT INTO grades VALUES(1112223331, 101,'summer 2022' , 100 , 100 , 60);
INSERT INTO grades VALUES(1112223332, 103,'summer 2022' , 100 , 100 , 55);
INSERT INTO grades VALUES(1112223333, 106,'summer 2022' , 100 , 100 , 57);
INSERT INTO grades VALUES(1112223334, 108,'summer 2022' , 100 , 100 , 45);
INSERT INTO grades VALUES(1112223335, 104,'summer 2022' , 100 , 100 , 54);
INSERT INTO grades VALUES(1112223336, 111,'summer 2022' , 100 , 100 , 40);
INSERT INTO grades VALUES(1112223337, 105,'summer 2022' , 100 , 100 , 60);
INSERT INTO grades VALUES(1112223338, 109,'summer 2022' , 100 , 100 , 49);
INSERT INTO grades VALUES(1112223339, 107,'summer 2022' , 100 , 100 , 56);


INSERT INTO Exams VALUES('Math', 1112223330, 101, 'summer 2022', '05-Jul-2022', '100', '00:09:00');
INSERT INTO Exams VALUES('Math', 1112223331, 101, 'summer 2022', '05-Jul-2022', '100', '00:09:00');
INSERT INTO Exams VALUES('Math', 1112223332, 103, 'summer 2022', '05-Jul-2022', '100', '00:09:00');
INSERT INTO Exams VALUES('comp', 1112223330, 102, 'summer 2022', '06-Jul-2022', '100', '00:10:00');
INSERT INTO Exams VALUES('comp', 1112223334, 102, 'summer 2022', '06-Jul-2022', '100', '00:10:00');
INSERT INTO Exams VALUES('comp', 1112223335, 104, 'summer 2022', '08-Jul-2022', '100', '00:09:00');
INSERT INTO Exams VALUES('comp', 1112223337, 104, 'summer 2022', '08-Jul-2022', '100', '00:09:00');
INSERT INTO Exams VALUES('CHEM', 1112223337, 105, 'summer 2022', '19-Jul-2022', '100', '00:09:00');
INSERT INTO Exams VALUES('CHEM', 1112223339, 107, 'summer 2022', '20-Jul-2022', '100', '00:09:00');
INSERT INTO Exams VALUES('Phys', 1112223333, 106, 'summer 2022', '20-Jul-2022', '100', '00:08:00');
INSERT INTO Exams VALUES('Phys', 1112223334, 108, 'summer 2022', '20-Jul-2022', '100', '00:09:00');
INSERT INTO Exams VALUES('ISLM', 1112223338, 109, 'summer 2022', '26-Jul-2022', '100', '00:12:00');
INSERT INTO Exams VALUES('ISLM', 1112223336, 111, 'summer 2022', '29-Jul-2022', '100', '00:13:00');
INSERT INTO Exams VALUES('ARAB', 1112223332, 110, 'summer 2022', '29-Jul-2022', '100', '00:13:00');


INSERT INTO Rooms VALUES(000 , 0 , 20);
INSERT INTO Rooms VALUES(001 , 0 , 20);
INSERT INTO Rooms VALUES(002 , 0 , 20);
INSERT INTO Rooms VALUES(003 , 0 , 20);
INSERT INTO Rooms VALUES(004 , 1 , 25);
INSERT INTO Rooms VALUES(005 , 1 , 25);
INSERT INTO Rooms VALUES(006 , 1 , 25);
INSERT INTO Rooms VALUES(007 , 2 , 12);
INSERT INTO Rooms VALUES(008 , 2 , 20);
INSERT INTO Rooms VALUES(009 , 2,  25);
INSERT INTO Rooms VALUES(010 , 3 , 25);


INSERT INTO class VALUES(00003, '101','summer 2022' , '45', '000' , '00:08:00');
INSERT INTO class VALUES(00006, '102','summer 2022' , '45', '001' , '00:09:00');
INSERT INTO class VALUES(00003, '103','summer 2022' , '45', '002' , '00:10:00');
INSERT INTO class VALUES(00006, '104','summer 2022' , '45', '001' , '00:11:00');
INSERT INTO class VALUES(00007, '105','summer 2022' , '45', '003' , '00:12:00');
INSERT INTO class VALUES(00004, '106','summer 2022' , '45', '010' , '00:13:00');
INSERT INTO class VALUES(00007, '107','summer 2022' , '45', '003' , '00:14:00');
INSERT INTO class VALUES(00004, '108','summer 2022' , '45', '004' , '00:15:00');
INSERT INTO class VALUES(00005, '109','summer 2022' , '45', '006' , '00:16:00');
INSERT INTO class VALUES(00005, '111','summer 2022' , '45', '002' , '00:17:00');

